{
  "project_info": {
    "project_number": "589540797608",
    "project_id": "elkablymobile",
    "storage_bucket": "elkablymobile.firebasestorage.app"
  },
  "client": [
    {
      "client_info": {
        "mobilesdk_app_id": "1:589540797608:android:0748f6fcc3378d88a1269d",
        "android_client_info": {
          "package_name": "com.elkably.mobile"
        }
      },
      "oauth_client": [],
      "api_key": [
        {
          "current_key": "AIzaSyCjrHJnB5YMgksGUnE3pn5l3GNTo4f-Oz4"
        }
      ],
      "services": {
        "appinvite_service": {
          "other_platform_oauth_client": []
        }
      }
    }
  ],
  "configuration_version": "1"
}